Question,Ground Truth,Reference Document,Page,Checklist,RAG Answer,Retrieved Files,Checklist Recall,Checklist Precision,Evaluation Reason,Ref Recall,Ref Precision
この冷凍冷蔵庫の使用目的は何ですか？,家庭用であり、業務用や食品収納以外の目的には使用しないこと。,database/冷蔵庫/r_hws47x_b/製品概要と基本情報/page_001.md,1,"・家庭用であること
・業務用や食品収納以外の目的での使用禁止",この冷凍冷蔵庫の使用目的は「家庭用」です。業務用や食品の収納以外の目的では使用しないように取扱説明書に明記されています。,"database/冷蔵庫/r_hws47x_b/製品概要と基本情報/page_001.md
database/冷蔵庫/r_hws47x_b/製品概要と基本情報/page_002.md",1.0,1.0,チェックリストの全ての項目である「家庭用であること」と「業務用や食品収納以外の目的での使用禁止」が回答に明確に含まれていたため、再現率と適合率ともに満点である。,1.0,0.5
冷凍冷蔵庫の庫内が冷えるまでにかかる時間はどのくらいですか？,庫内が冷えるまでに24時間以上かかることがある。,database/冷蔵庫/r_hws47x_b/製品概要と基本情報/page_001.md,1,・24時間以上かかる場合があること,"冷凍冷蔵庫の庫内が冷えるまでにかかる時間は、製品の設定や使用状況によって異なりますが、以下のポイントが参考になります。

・クイック冷却: 冷蔵室を急速に冷やしたいときに使うモードで、約60分で運転を自動終了します。温かい食品を速く冷やすのに効果的です。（操作パネル説明より）
・急冷凍: 冷凍室で食品を急速に凍らせるモードで、約90分で運転を自動終了します。急いで冷凍したいときに使います。
・標準運転の場合: 冷蔵室・冷凍室ともに、ご購入時は「標準」設定で使用し、温度が安定するまで数時間かかることがあります。具体的な時間は明示されていませんが、冷蔵庫内の温度が安定し、食品も設定された温度範囲（冷蔵室で約0℃～7℃、冷凍室で約-18℃～-20℃）に達してから使用してください。

また、温かい食品を入れる場合は、手で持てるくらいの温度（50℃以下）に冷ましてから収納する注意点があります。これは冷却負荷を減らし、効率よく庫内が冷えるためです。

まとめると、通常運転で庫内が冷えるまでには数時間かかり、急ぎの場合は「クイック冷却」モード（約60分）や「急冷凍」モード（約90分）を利用すると冷却時間を短縮できます。","database/冷蔵庫/r_hws47x_b/庫内の使い方と食品保存/page_009.md
database/冷蔵庫/r_hws47x_b/操作パネルと機能説明/page_011.md
database/冷蔵庫/r_hws47x_b/操作パネルと機能説明/page_010.md
database/冷蔵庫/r_hws47x_b/庫内の使い方と食品保存/page_016.md
database/冷蔵庫/r_hws47x_b/操作パネルと機能説明/page_008.md
database/冷蔵庫/r_hws47x_b/庫内の使い方と食品保存/page_017.md",0.0,0.0,チェックリストの唯一の項目「24時間以上かかる場合があること」は回答内で一切言及されていなかった。回答は主に数時間や約60～90分のモードについて説明しているため、チェックリスト内容を含んでおらず、RecallとPrecisionはともに0である。,0.0,0.0
取扱説明書を読んだ後、どのように保管すべきですか？,正しく使用するために取扱説明書をよく読み、読み終わった後は大切に保管すること。,database/冷蔵庫/r_hws47x_b/製品概要と基本情報/page_001.md,1,"・正しく使用するために読むこと
・読み終わった後は大切に保管すること","取扱説明書を読んだ後は、以下の点に注意して保管してください。

- 保証書と一緒に大切に保管すること。保証書にはお買い上げ日や販売店名の記入が必要で、記入がない場合は保証が無効となるため、内容をよく確認しましょう。
- 紛失しないように注意し、修理依頼の際などに提示できるようにしておきます。
- 保証期間中の無料修理を受けるためにも重要です。

要するに、取扱説明書と保証書は使用中および故障時のサポートに必要なので、なくさず、大切に保管してください。","database/冷蔵庫/r_hws47x_b/保証修理アフターサービス/page_036.md
database/冷蔵庫/r_hws47x_b/製品概要と基本情報/page_034.md
database/冷蔵庫/r_hws47x_b/保証修理アフターサービス/page_035.md",0.5,0.5,チェックリストの「読み終わった後は大切に保管すること」は詳細に含まれているが、「正しく使用するために読むこと」の直接的な言及は回答に含まれていなかった。回答は保管に関する具体的な説明に偏っており、チェックリストの使用目的に関する項目が欠落しているためRecallとPrecisionがともに低めとなった。,0.0,0.0
日立家電メンバーズクラブのMy家電に製品登録するとどのようなサービスが利用できますか？,家電品の登録・管理、お役立ち情報、安全点検サービス料金割引、パーツショップ送料特典、お知らせなどのサービスが利用できる。,database/冷蔵庫/r_hws47x_b/製品概要と基本情報/page_001.md,1,"・家電品の登録・管理ができること
・お役立ち情報が得られること
・安全点検サービス料金割引があること
・パーツショップ送料特典があること
・お知らせが受け取れること","日立家電メンバーズクラブのMy家電に製品登録すると、以下のようなサービスが利用できます。

- 家電品の登録・管理
- お役立ち情報の提供
- 安全点検サービス料金割引
- パーツショップ送料特典
- お知らせ配信

これらのサービスにより、製品の管理がしやすくなり、点検や部品購入が割引や優遇で利用できる便利なサービスが受けられます。","database/冷蔵庫/r_hws47x_b/保証修理アフターサービス/page_035.md
database/冷蔵庫/r_hws47x_b/保証修理アフターサービス/page_036.md
database/冷蔵庫/r_hws47x_b/製品概要と基本情報/page_034.md
database/冷蔵庫/r_hws47x_b/操作パネルと機能説明/page_010.md
database/冷蔵庫/r_hws47x_b/操作パネルと機能説明/page_020.md
database/冷蔵庫/r_hws47x_b/Uncategorized/page_014.md
database/冷蔵庫/r_hws47x_b/Uncategorized/page_015.md
database/冷蔵庫/r_hws47x_b/製品概要と基本情報/page_001.md",1.0,1.0,チェックリストの全5項目（家電品の登録・管理、お役立ち情報の提供、安全点検サービス料金割引、パーツショップ送料特典、お知らせ配信）が回答内にすべて含まれているため、再現率および適合率ともに1.0となる。回答にチェックリスト外の主要情報は含まれていない。,1.0,0.125
この冷凍冷蔵庫の型式にはどのような種類がありますか？,右開きのR-HWS47X型と左開きのR-HWS47XL型がある。,database/冷蔵庫/r_hws47x_b/製品概要と基本情報/page_001.md,1,"・右開き型式がR-HWS47Xであること
・左開き型式がR-HWS47XLであること","この冷凍冷蔵庫の型式には以下の2種類があります。

- R-HWS47X（右開き）
- R-HWS47XL（左開き）

これらは同じ仕様の冷凍冷蔵庫で、開き方の違いによる型式の区別です。","database/冷蔵庫/r_hws47x_b/製品概要と基本情報/page_001.md
database/冷蔵庫/r_hws47x_b/製品概要と基本情報/page_002.md
database/冷蔵庫/r_hws47x_b/製品概要と基本情報/page_034.md",1.0,1.0,チェックリストの『右開き型式がR-HWS47Xであること』と『左開き型式がR-HWS47XLであること』の両方が回答に含まれている。また、回答の主要ポイントはチェックリストと完全に一致しているため、RecallとPrecisionは共に1.0である。独自の情報や不要な情報は含まれていない。,1.0,0.3333333333333333
日立家電メンバーズクラブのMy家電に製品を登録する際に必要な情報は何ですか？,型式と色調が必要で、冷蔵室ドア内側の銘板（シール）に記載されているコードから登録すると入力を省略できる。,database/冷蔵庫/r_hws47x_b/製品概要と基本情報/page_002.md,2,"・型式の入力が必要であること
・色調の入力が必要であること
・銘板（シール）に記載されたコードで登録可能なこと",日立家電メンバーズクラブのMy家電に製品を登録する際に必要な情報は、「型式」と「色調」です。これらの情報は、冷蔵室ドア内側の銘板（シール）に記載されています。また、銘板に記載されているコードから登録することで、型式と色調の入力を省略できます。,"database/冷蔵庫/r_hws47x_b/保証修理アフターサービス/page_035.md
database/冷蔵庫/r_hws47x_b/保証修理アフターサービス/page_036.md
database/冷蔵庫/r_hws47x_b/製品概要と基本情報/page_034.md
database/冷蔵庫/r_hws47x_b/製品概要と基本情報/page_001.md
database/冷蔵庫/r_hws47x_b/製品概要と基本情報/page_002.md",1.0,1.0,回答にはチェックリストの全3項目（型式の入力、色調の入力、銘板に記載されたコードでの登録可能）が正確に含まれていた。主要ポイントがすべてチェックリストに一致しており、余計な情報もないため、再現率と適合率ともに最高値と判断した。,1.0,0.2
日立家電メンバーズクラブ会員限定の安全点検サービス特典の内容は何ですか？,Webからの申込限定で安全点検の標準技術料が10％割引になるが、不具合の改善や修理作業は含まれていない。,database/冷蔵庫/r_hws47x_b/製品概要と基本情報/page_002.md,2,"・Web申込限定であること
・標準技術料が10％割引になること
・修理作業や不具合改善は含まれないこと","日立家電メンバーズクラブ会員限定の安全点検サービス特典に関する情報は、現在提供された冷蔵庫の保証や修理関連の資料には明記されていません。もし安全点検サービスの内容について詳細をお求めであれば、日立家電の公式ホームページやメンバーズクラブの案内ページ、または日立家電のサポート窓口にお問い合わせいただくことをおすすめします。

現時点でお渡しできる情報としては、冷蔵庫の長年使用による点検項目（電源コードの異常発熱や傷、異臭、水溜まり、感電の恐れなど）に関する注意喚起や、故障の早期発見・修理手続きの案内が主な内容となっております。","database/冷蔵庫/r_hws47x_b/保証修理アフターサービス/page_035.md
database/冷蔵庫/r_hws47x_b/保証修理アフターサービス/page_036.md",0.0,0.0,回答にはチェックリストのいずれの項目（Web申込限定、標準技術料の10％割引、修理作業や不具合改善の非包含）も含まれていない。また、回答は安全点検サービスの具体的な内容を明示せず、問い合わせを促す内容であり、独自の情報としては点検項目や故障の注意喚起が含まれているが、チェックリスト項目とは関連しないため、RecallおよびPrecisionは共に0となる。,0.0,0.0
パーツショップで送料が無料になる条件は何ですか？,"商品価格総額2,000円（税込）以上購入した場合に送料が無料になる。ただし代引き手数料は別途かかる。",database/冷蔵庫/r_hws47x_b/製品概要と基本情報/page_002.md,2,"・購入金額が2,000円（税込）以上であること
・送料が無料になること
・代引き手数料は別途必要であること","ご提供いただいた情報の中には、「パーツショップで送料が無料になる条件」についての具体的な記載はありませんでした。パーツ購入に関しては、「商品のお買い上げの販売店またはパーツショップをご利用ください」という案内があるのみで、送料の条件についての詳細は記載がありません。

もし送料無料の条件について知りたい場合は、パーツショップの公式ウェブサイトや購入時の案内を直接ご確認いただくか、パーツショップの問い合わせ窓口にお問い合わせされることをおすすめします。","database/冷蔵庫/r_hws47x_b/保証修理アフターサービス/page_036.md
database/冷蔵庫/r_hws47x_b/保証修理アフターサービス/page_035.md",0.0,0.0,"チェックリストの全ての項目（購入金額が2,000円（税込）以上であること、送料が無料になること、代引き手数料は別途必要であること）は回答に一切含まれていなかった。回答はチェックリストにある情報が無いことを説明し、別途確認を促す内容であったため、再現率と適合率は共に0となる。",0.0,0.0
